"1,3-Dimethyl-2-imidazolidinone"
"1,3-Dimethyl-2-imidazolidinone"
"1,3-Dimethyl-2-imidazolidinone"
"1,3-Dimethyl-2-imidazolidinone"
"1,3-Dimethyl-2-imidazolidinone"
"1,3-Dimethyl-2-imidazolidinone"
"1,3-Dimethyl-2-imidazolidinone"
"1,3-Dimethyl-2-imidazolidinone"
"1,3-Dimethyl-2-imidazolidinone"
"1,3-Dimethyl-2-imidazolidinone"
"1,3-Dimethyl-2-imidazolidinone"
"1,3-Dimethyl-2-imidazolidinone"
"1,3-Dimethyl-2-imidazolidinone"
"1,3-Dimethyl-2-imidazolidinone"
"1,3-Dimethyl-2-imidazolidinone"
"1,3-Dimethyl-2-imidazolidinone"
"1,3-Dimethyl-2-imidazolidinone"
"1,3-Dimethyl-2-imidazolidinone"
"1,3-Dimethyl-2-imidazolidinone"
"1,3-Dimethyl-2-imidazolidinone"
"1,3-Dimethyl-2-imidazolidinone"
"1,3-Dimethyl-2-imidazolidinone"
"1,3-Dimethyl-2-imidazolidinone"
"1,3-Dimethyl-2-imidazolidinone"
"1,3-Dimethyl-2-imidazolidinone"
"1,3-Dimethyl-2-imidazolidinone"
"1,3-Dimethyl-2-imidazolidinone"
"1,3-Dimethyl-2-imidazolidinone"
"1,3-Dimethyl-2-imidazolidinone"
"1,3-Dimethyl-2-imidazolidinone"
"1,3-Dimethyl-2-imidazolidinone"
"1,3-Dimethyl-2-imidazolidinone"
"1,3-Dimethyl-2-imidazolidinone"
"1,3-Dimethyl-2-imidazolidinone"
"1,3-Dimethyl-2-imidazolidinone"
"1,3-Dimethyl-2-imidazolidinone"
"1,3-Dimethyl-2-imidazolidinone"
"1,3-Dimethyl-2-imidazolidinone"
"1,3-Dimethyl-2-imidazolidinone"
"1,3-Dimethyl-2-imidazolidinone"
"1,3-Dimethyl-2-imidazolidinone"
"1,3-Dimethyl-2-imidazolidinone"
"1,3-Dimethyl-2-imidazolidinone"
"1,3-Dimethyl-2-imidazolidinone"
"1,3-Dimethyl-2-imidazolidinone"
"1,3-Dimethyl-2-imidazolidinone"
"1,3-Dimethyl-2-imidazolidinone"
"1,3-Dimethyl-2-imidazolidinone"
"1,3-Dimethyl-2-imidazolidinone"
"1,3-Dimethyl-2-imidazolidinone"
"1,3-Dimethyl-2-imidazolidinone"
"1,3-Dimethyl-2-imidazolidinone"
"1,3-Dimethyl-2-imidazolidinone"
"1,3-Dimethyl-2-imidazolidinone"
"1,3-Dimethyl-2-imidazolidinone"
"1,3-Dimethyl-2-imidazolidinone"
"1,3-Dimethyl-2-imidazolidinone"
"1,3-Dimethyl-2-imidazolidinone"
"1,3-Dimethyl-2-imidazolidinone"
"1,3-Dimethyl-2-imidazolidinone"
"1,3-Dimethyl-2-imidazolidinone"
"1,3-Dimethyl-2-imidazolidinone"
"1,3-Dimethyl-2-imidazolidinone"
"1,3-Dimethyl-2-imidazolidinone"
"1,3-Dimethyl-2-imidazolidinone"
"1,3-Dimethyl-2-imidazolidinone"
"1,3-Dimethyl-2-imidazolidinone"
"1,3-Dimethyl-2-imidazolidinone"
"1,3-Dimethyl-2-imidazolidinone"
"1,3-Dimethyl-2-imidazolidinone"
"1,3-Dimethyl-2-imidazolidinone"
"1,3-Dimethyl-2-imidazolidinone"
"1,3-Dimethyl-2-imidazolidinone"
"1,3-Dimethyl-2-imidazolidinone"
"1,3-Dimethyl-2-imidazolidinone"
"1,3-Dimethyl-2-imidazolidinone"
"1,3-Dimethyl-2-imidazolidinone"
"1,3-Dimethyl-2-imidazolidinone"
"1,3-Dimethyl-2-imidazolidinone"
"1,3-Dimethyl-2-imidazolidinone"
"1,3-Dimethyl-2-imidazolidinone"
"1,3-Dimethyl-2-imidazolidinone"
"1,3-Dimethyl-2-imidazolidinone"
"1,3-Dimethyl-2-imidazolidinone"
"1,3-Dimethyl-2-imidazolidinone"
"1,3-Dimethyl-2-imidazolidinone"
"1,3-Dimethyl-2-imidazolidinone"
"1,3-Dimethyl-2-imidazolidinone"
"1,3-Dimethyl-2-imidazolidinone"
"1,3-Dimethyl-2-imidazolidinone"
"1,3-Dimethyl-2-imidazolidinone"
"1,3-Dimethyl-2-imidazolidinone"
"1,3-Dimethyl-2-imidazolidinone"
"1,3-Dimethyl-2-imidazolidinone"
"1,3-Dimethyl-2-imidazolidinone"
"1,3-Dimethyl-2-imidazolidinone"
"1,3-Dimethyl-2-imidazolidinone"
"1,3-Dimethyl-2-imidazolidinone"
"1,3-Dimethyl-2-imidazolidinone"
"1,3-Dimethyl-2-imidazolidinone"
"1,3-Dimethyl-2-imidazolidinone"
"1,3-Dimethyl-2-imidazolidinone"
"1,3-Dimethyl-2-imidazolidinone"
"1,3-Dimethyl-2-imidazolidinone"
"1,3-Dimethyl-2-imidazolidinone"
"1,3-Dimethyl-2-imidazolidinone"
"1,3-Dimethyl-2-imidazolidinone"
"1,3-Dimethyl-2-imidazolidinone"
"1,3-Dimethyl-2-imidazolidinone"
2 - Propanol
2 - Propanol
2 - Propanol
2 - Propanol
2 - Propanol
2 - Propanol
2 - Propanol
2 - Propanol
2 - Propanol
2 - Propanol
2 - Propanol
2 - Propanol
2 - Propanol
2 - Propanol
2 - Propanol
2 - Propanol
2 - Propanol
2 - Propanol
2 - Propanol
2 - Propanol
2 - Propanol
2 - Propanol
2 - Propanol
2 - Propanol
2 - Propanol
2 - Propanol
2 - Propanol
2 - Propanol
2 - Propanol
2 - Propanol
2 - Propanol
2 - Propanol
2 - Propanol
2 - Propanol
2 - Propanol
2 - Propanol
2 - Propanol
2 - Propanol
2 - Propanol
2 - Propanol
2 - Propanol
2 - Propanol
2 - Propanol
2 - Propanol
2 - Propanol
2 - Propanol
2 - Propanol
2 - Propanol
2 - Propanol
2 - Propanol
2 - Propanol
2 - Propanol
2 - Propanol
2 - Propanol
2 - Propanol
2 - Propanol
2 - Propanol
2 - Propanol
2 - Propanol
2 - Propanol
2 - Propanol
2 - Propanol
2 - Propanol
2 - Propanol
2 - Propanol
2 - Propanol
2 - Propanol
2 - Propanol
2 - Propanol
2 - Propanol
2 - Propanol
2 - Propanol
2 - Propanol
2 - Propanol
2 - Propanol
2 - Propanol
2 - Propanol
2 - Propanol
2 - Propanol
2 - Propanol
2 - Propanol
2 - Propanol
2 - Propanol
2 - Propanol
2 - Propanol
2 - Propanol
2 - Propanol
2 - Propanol
2 - Propanol
2 - Propanol
2 - Propanol
2 - Propanol
2 - Propanol
2 - Propanol
2 - Propanol
2 - Propanol
2 - Propanol
2 - Propanol
2 - Propanol
2 - Propanol
2 - Propanol
2 - Propanol
2 - Propanol
2 - Propanol
2 - Propanol
2 - Propanol
2 - Propanol
2 - Propanol
2 - Propanol
"2, 2 - Dimethoxy Propane"
"2, 2 - Dimethoxy Propane"
"2, 2 - Dimethoxy Propane"
"2, 2 - Dimethoxy Propane"
"2, 2 - Dimethoxy Propane"
"2, 2 - Dimethoxy Propane"
"2, 2 - Dimethoxy Propane"
"2, 2 - Dimethoxy Propane"
"2, 2 - Dimethoxy Propane"
"2, 2 - Dimethoxy Propane"
"2, 2 - Dimethoxy Propane"
"2, 2 - Dimethoxy Propane"
"2, 2 - Dimethoxy Propane"
"2, 2 - Dimethoxy Propane"
"2, 2 - Dimethoxy Propane"
"2, 2 - Dimethoxy Propane"
"2, 2 - Dimethoxy Propane"
"2, 2 - Dimethoxy Propane"
"2, 2 - Dimethoxy Propane"
"2, 2 - Dimethoxy Propane"
"2, 2 - Dimethoxy Propane"
"2, 2 - Dimethoxy Propane"
"2, 2 - Dimethoxy Propane"
"2, 2 - Dimethoxy Propane"
"2, 2 - Dimethoxy Propane"
"2, 2 - Dimethoxy Propane"
"2, 2 - Dimethoxy Propane"
"2, 2 - Dimethoxy Propane"
"2, 2 - Dimethoxy Propane"
"2, 2 - Dimethoxy Propane"
"2, 2 - Dimethoxy Propane"
"2, 2 - Dimethoxy Propane"
"2, 2 - Dimethoxy Propane"
"2, 2 - Dimethoxy Propane"
"2, 2 - Dimethoxy Propane"
"2, 2 - Dimethoxy Propane"
"2, 2 - Dimethoxy Propane"
"2, 2 - Dimethoxy Propane"
"2, 2 - Dimethoxy Propane"
"2, 2 - Dimethoxy Propane"
"2, 2 - Dimethoxy Propane"
"2, 2 - Dimethoxy Propane"
"2, 2 - Dimethoxy Propane"
"2, 2 - Dimethoxy Propane"
"2, 2 - Dimethoxy Propane"
"2, 2 - Dimethoxy Propane"
"2, 2 - Dimethoxy Propane"
"2, 2 - Dimethoxy Propane"
"2, 2 - Dimethoxy Propane"
"2, 2 - Dimethoxy Propane"
"2, 2 - Dimethoxy Propane"
"2, 2 - Dimethoxy Propane"
"2, 2 - Dimethoxy Propane"
"2, 2 - Dimethoxy Propane"
"2, 2 - Dimethoxy Propane"
"2, 2 - Dimethoxy Propane"
"2, 2 - Dimethoxy Propane"
"2, 2 - Dimethoxy Propane"
"2, 2 - Dimethoxy Propane"
"2, 2 - Dimethoxy Propane"
"2, 2 - Dimethoxy Propane"
"2, 2 - Dimethoxy Propane"
"2, 2 - Dimethoxy Propane"
"2, 2 - Dimethoxy Propane"
"2, 2 - Dimethoxy Propane"
"2, 2 - Dimethoxy Propane"
"2, 2 - Dimethoxy Propane"
"2, 2 - Dimethoxy Propane"
"2, 2 - Dimethoxy Propane"
"2, 2 - Dimethoxy Propane"
"2, 2 - Dimethoxy Propane"
"2, 2 - Dimethoxy Propane"
"2, 2 - Dimethoxy Propane"
"2, 2 - Dimethoxy Propane"
"2, 2 - Dimethoxy Propane"
"2, 2 - Dimethoxy Propane"
"2, 2 - Dimethoxy Propane"
"2, 2 - Dimethoxy Propane"
"2, 2 - Dimethoxy Propane"
"2, 2 - Dimethoxy Propane"
"2, 2 - Dimethoxy Propane"
"2, 2 - Dimethoxy Propane"
"2, 2 - Dimethoxy Propane"
"2, 2 - Dimethoxy Propane"
"2, 2 - Dimethoxy Propane"
"2, 2 - Dimethoxy Propane"
"2, 2 - Dimethoxy Propane"
"2, 2 - Dimethoxy Propane"
"2, 2 - Dimethoxy Propane"
"2, 2 - Dimethoxy Propane"
"2, 2 - Dimethoxy Propane"
"2, 2 - Dimethoxy Propane"
"2, 2 - Dimethoxy Propane"
"2, 2 - Dimethoxy Propane"
"2, 2 - Dimethoxy Propane"
"2, 2 - Dimethoxy Propane"
"2, 2 - Dimethoxy Propane"
"2, 2 - Dimethoxy Propane"
"2, 2 - Dimethoxy Propane"
"2, 2 - Dimethoxy Propane"
"2, 2 - Dimethoxy Propane"
"2, 2 - Dimethoxy Propane"
"2, 2 - Dimethoxy Propane"
"2, 2 - Dimethoxy Propane"
"2, 2 - Dimethoxy Propane"
"2, 2 - Dimethoxy Propane"
"2, 2 - Dimethoxy Propane"
4-Methyl-2-pentanone
4-Methyl-2-pentanone
4-Methyl-2-pentanone
4-Methyl-2-pentanone
4-Methyl-2-pentanone
4-Methyl-2-pentanone
4-Methyl-2-pentanone
4-Methyl-2-pentanone
4-Methyl-2-pentanone
4-Methyl-2-pentanone
4-Methyl-2-pentanone
4-Methyl-2-pentanone
4-Methyl-2-pentanone
4-Methyl-2-pentanone
4-Methyl-2-pentanone
4-Methyl-2-pentanone
4-Methyl-2-pentanone
4-Methyl-2-pentanone
4-Methyl-2-pentanone
4-Methyl-2-pentanone
4-Methyl-2-pentanone
4-Methyl-2-pentanone
4-Methyl-2-pentanone
4-Methyl-2-pentanone
4-Methyl-2-pentanone
4-Methyl-2-pentanone
4-Methyl-2-pentanone
4-Methyl-2-pentanone
4-Methyl-2-pentanone
4-Methyl-2-pentanone
4-Methyl-2-pentanone
4-Methyl-2-pentanone
4-Methyl-2-pentanone
4-Methyl-2-pentanone
4-Methyl-2-pentanone
4-Methyl-2-pentanone
4-Methyl-2-pentanone
4-Methyl-2-pentanone
4-Methyl-2-pentanone
4-Methyl-2-pentanone
4-Methyl-2-pentanone
4-Methyl-2-pentanone
4-Methyl-2-pentanone
4-Methyl-2-pentanone
4-Methyl-2-pentanone
4-Methyl-2-pentanone
4-Methyl-2-pentanone
4-Methyl-2-pentanone
4-Methyl-2-pentanone
4-Methyl-2-pentanone
4-Methyl-2-pentanone
4-Methyl-2-pentanone
4-Methyl-2-pentanone
4-Methyl-2-pentanone
4-Methyl-2-pentanone
4-Methyl-2-pentanone
4-Methyl-2-pentanone
4-Methyl-2-pentanone
4-Methyl-2-pentanone
4-Methyl-2-pentanone
4-Methyl-2-pentanone
4-Methyl-2-pentanone
4-Methyl-2-pentanone
4-Methyl-2-pentanone
4-Methyl-2-pentanone
4-Methyl-2-pentanone
4-Methyl-2-pentanone
4-Methyl-2-pentanone
4-Methyl-2-pentanone
4-Methyl-2-pentanone
4-Methyl-2-pentanone
4-Methyl-2-pentanone
4-Methyl-2-pentanone
4-Methyl-2-pentanone
4-Methyl-2-pentanone
4-Methyl-2-pentanone
4-Methyl-2-pentanone
4-Methyl-2-pentanone
4-Methyl-2-pentanone
4-Methyl-2-pentanone
4-Methyl-2-pentanone
4-Methyl-2-pentanone
4-Methyl-2-pentanone
4-Methyl-2-pentanone
4-Methyl-2-pentanone
4-Methyl-2-pentanone
4-Methyl-2-pentanone
4-Methyl-2-pentanone
4-Methyl-2-pentanone
4-Methyl-2-pentanone
4-Methyl-2-pentanone
4-Methyl-2-pentanone
4-Methyl-2-pentanone
4-Methyl-2-pentanone
4-Methyl-2-pentanone
4-Methyl-2-pentanone
4-Methyl-2-pentanone
4-Methyl-2-pentanone
4-Methyl-2-pentanone
4-Methyl-2-pentanone
Acetic acid
Acetic acid
Acetic acid
Acetic acid
Acetic acid
Acetic acid
Acetic acid
Acetic acid
Acetic acid
Acetic acid
Acetic acid
Acetic acid
Acetic acid
Acetic acid
Acetic acid
Acetic acid
Acetic acid
Acetic acid
Acetic acid
Acetic acid
Acetic acid
Acetic acid
Acetic acid
Acetic acid
Acetic acid
Acetic acid
Acetic acid
Acetic acid
Acetic acid
Acetic acid
Acetic acid
Acetic acid
Acetic acid
Acetic acid
Acetic acid
Acetic acid
Acetic acid
Acetic acid
Acetic acid
Acetic acid
Acetic acid
Acetic acid
Acetic acid
Acetic acid
Acetic acid
Acetic acid
Acetic acid
Acetic acid
Acetic acid
Acetic acid
Acetic acid
Acetic acid
Acetic acid
Acetic acid
Acetic acid
Acetic acid
Acetic acid
Acetic acid
Acetic acid
Acetic acid
Acetic acid
Acetic acid
Acetic acid
Acetic acid
Acetic acid
Acetic acid
Acetic acid
Acetic acid
Acetic acid
Acetic acid
Acetic acid
Acetic acid
Acetic acid
Acetic acid
Acetic acid
Acetic acid
Acetic acid
Acetic acid
Acetic acid
Acetic acid
Acetic acid
Acetic acid
Acetic acid
Acetic acid
Acetic acid
Acetic acid
Acetic acid
Acetic acid
Acetic acid
Acetic acid
Acetic acid
Acetic acid
Acetic acid
Acetic acid
Acetic acid
Acetic acid
Acetic acid
Acetic acid
Acetic acid
Acetic acid
Acetic acid
Acetic acid
Acetic acid
Acetic acid
Acetic acid
Acetic acid
Acetic acid
Acetic acid
Acetic acid
Acetic acid
Acetic acid
Acetic acid
Acetic acid
Acetone
Acetone
Acetone
Acetone
Acetone
Acetone
Acetone
Acetone
Acetone
Acetone
Acetone
Acetone
Acetone
Acetone
Acetone
Acetone
Acetone
Acetone
Acetone
Acetone
Acetone
Acetone
Acetone
Acetone
Acetone
Acetone
Acetone
Acetone
Acetone
Acetone
Acetone
Acetone
Acetone
Acetone
Acetone
Acetone
Acetone
Acetone
Acetone
Acetone
Acetone
Acetone
Acetone
Acetone
Acetone
Acetone
Acetone
Acetone
Acetone
Acetone
Acetone
Acetone
Acetone
Acetone
Acetone
Acetone
Acetone
Acetone
Acetone
Acetone
Acetone
Acetone
Acetone
Acetone
Acetone
Acetone
Acetone
Acetone
Acetone
Acetone
Acetone
Acetone
Acetone
Acetone
Acetone
Acetone
Acetone
Acetone
Acetone
Acetone
Acetone
Acetone
Acetone
Acetone
Acetone
Acetone
Acetone
Acetone
Acetone
Acetone
Acetone
Acetone
Acetone
Acetone
Acetone
Acetone
Acetone
Acetone
Acetone
Acetone
Acetone
Acetone
Acetone
Acetone
Acetone
Acetone
Acetone
Acetone
Acetone
Acetone
Acetone
Acetone
Acetone
Acetone
Acetone
Acetone
Acetone
Acetone
Acetone
Acetone
Acetonitrile
Acetonitrile
Acetonitrile
Acetonitrile
Acetonitrile
Acetonitrile
Acetonitrile
Acetonitrile
Acetonitrile
Acetonitrile
Acetonitrile
Acetonitrile
Acetonitrile
Acetonitrile
Acetonitrile
Acetonitrile
Acetonitrile
Acetonitrile
Acetonitrile
Acetonitrile
Acetonitrile
Acetonitrile
Acetonitrile
Acetonitrile
Acetonitrile
Acetonitrile
Acetonitrile
Acetonitrile
Acetonitrile
Acetonitrile
Acetonitrile
Acetonitrile
Acetonitrile
Acetonitrile
Acetonitrile
Acetonitrile
Acetonitrile
Acetonitrile
Acetonitrile
Acetonitrile
Acetonitrile
Acetonitrile
Acetonitrile
Acetonitrile
Acetonitrile
Acetonitrile
Acetonitrile
Acetonitrile
Acetonitrile
Acetonitrile
Acetonitrile
Acetonitrile
Acetonitrile
Acetonitrile
Acetonitrile
Acetonitrile
Acetonitrile
Acetonitrile
Acetonitrile
Acetonitrile
Acetonitrile
Acetonitrile
Acetonitrile
Acetonitrile
Acetonitrile
Acetonitrile
Acetonitrile
Acetonitrile
Acetonitrile
Acetonitrile
Acetonitrile
Acetonitrile
Acetonitrile
Acetonitrile
Acetonitrile
Acetonitrile
Acetonitrile
Acetonitrile
Acetonitrile
Acetonitrile
Acetonitrile
Acetonitrile
Acetonitrile
Acetonitrile
Acetonitrile
Acetonitrile
Acetonitrile
Acetonitrile
Acetonitrile
Acetonitrile
Acetonitrile
Acetonitrile
Acetonitrile
Acetonitrile
Acetonitrile
Acetonitrile
Acetonitrile
Acetonitrile
Acetonitrile
Acetonitrile
Acetonitrile
Acetonitrile
Acetonitrile
Acetonitrile
Benzaldehyde
Benzaldehyde
Benzaldehyde
Benzaldehyde
Benzaldehyde
Benzaldehyde
Benzaldehyde
Benzaldehyde
Benzaldehyde
Benzaldehyde
Benzaldehyde
Benzaldehyde
Benzaldehyde
Benzaldehyde
Benzaldehyde
Benzaldehyde
Benzaldehyde
Benzaldehyde
Benzaldehyde
Benzaldehyde
Benzaldehyde
Benzaldehyde
Benzaldehyde
Benzaldehyde
Benzaldehyde
Benzaldehyde
Benzaldehyde
Benzaldehyde
Benzaldehyde
Benzaldehyde
Benzaldehyde
Benzaldehyde
Benzaldehyde
Benzaldehyde
Benzaldehyde
Benzaldehyde
Benzaldehyde
Benzaldehyde
Benzaldehyde
Benzaldehyde
Benzaldehyde
Benzaldehyde
Benzaldehyde
Benzaldehyde
Benzaldehyde
Benzaldehyde
Benzaldehyde
Benzaldehyde
Benzaldehyde
Benzaldehyde
Benzaldehyde
Benzaldehyde
Benzaldehyde
Benzaldehyde
Benzaldehyde
Benzaldehyde
Benzaldehyde
Benzaldehyde
Benzaldehyde
Benzaldehyde
Benzaldehyde
Benzaldehyde
Benzaldehyde
Benzaldehyde
Benzaldehyde
Benzaldehyde
Benzaldehyde
Benzaldehyde
Benzaldehyde
Benzaldehyde
Benzaldehyde
Benzaldehyde
Benzaldehyde
Benzaldehyde
Benzaldehyde
Benzaldehyde
Benzaldehyde
Benzaldehyde
Benzaldehyde
Benzaldehyde
Benzaldehyde
Benzaldehyde
Benzaldehyde
Benzaldehyde
Benzaldehyde
Benzaldehyde
Benzaldehyde
Benzaldehyde
Benzaldehyde
Benzaldehyde
Benzaldehyde
Benzaldehyde
Benzaldehyde
Benzaldehyde
Benzaldehyde
Benzaldehyde
Benzaldehyde
Benzaldehyde
Benzaldehyde
Benzaldehyde
Benzaldehyde
Benzaldehyde
Benzaldehyde
Benzaldehyde
Benzaldehyde
Benzaldehyde
Benzaldehyde
Benzaldehyde
Benzaldehyde
Benzaldehyde
Benzaldehyde
Benzaldehyde
Benzaldehyde
Benzaldehyde
Benzaldehyde
Benzaldehyde
Benzaldehyde
Benzaldehyde
Benzaldehyde
Benzaldehyde
Benzaldehyde
Benzyl bromide
Benzyl bromide
Benzyl bromide
Benzyl bromide
Benzyl bromide
Benzyl bromide
Benzyl bromide
Benzyl bromide
Benzyl bromide
Benzyl bromide
Benzyl bromide
Benzyl bromide
Benzyl bromide
Benzyl bromide
Benzyl bromide
Benzyl bromide
Benzyl bromide
Benzyl bromide
Benzyl bromide
Benzyl bromide
Benzyl bromide
Benzyl bromide
Benzyl bromide
Benzyl bromide
Benzyl bromide
Benzyl bromide
Benzyl bromide
Benzyl bromide
Benzyl bromide
Benzyl bromide
Benzyl bromide
Benzyl bromide
Benzyl bromide
Benzyl bromide
Benzyl bromide
Benzyl bromide
Benzyl bromide
Benzyl bromide
Benzyl bromide
Benzyl bromide
Benzyl bromide
Benzyl bromide
Benzyl bromide
Benzyl bromide
Benzyl bromide
Benzyl bromide
Benzyl bromide
Benzyl bromide
Benzyl bromide
Benzyl bromide
Benzyl bromide
Benzyl bromide
Benzyl bromide
Benzyl bromide
Benzyl bromide
Benzyl bromide
Benzyl bromide
Benzyl bromide
Benzyl bromide
Benzyl bromide
Benzyl bromide
Benzyl bromide
Benzyl bromide
Benzyl bromide
Benzyl bromide
Benzyl bromide
Benzyl bromide
Benzyl bromide
Benzyl bromide
Benzyl bromide
Benzyl bromide
Benzyl bromide
Benzyl bromide
Benzyl bromide
Benzyl bromide
Benzyl bromide
Benzyl bromide
Benzyl bromide
Benzyl bromide
Benzyl bromide
Benzyl bromide
Benzyl bromide
Benzyl bromide
Benzyl bromide
Benzyl bromide
Benzyl bromide
Benzyl bromide
Benzyl bromide
Benzyl bromide
Benzyl bromide
Benzyl bromide
Benzyl bromide
Benzyl bromide
Benzyl bromide
Benzyl bromide
Benzyl bromide
Benzyl bromide
Benzyl bromide
Benzyl bromide
Benzyl bromide
Benzyl bromide
Benzyl bromide
Benzyl bromide
Benzyl bromide
Benzyl bromide
Benzyl bromide
Benzyl bromide
Benzyl bromide
Benzyl bromide
Benzyl bromide
Benzyl bromide
Benzyl bromide
Butyl Acetate
Butyl Acetate
Butyl Acetate
Butyl Acetate
Butyl Acetate
Butyl Acetate
Butyl Acetate
Butyl Acetate
Butyl Acetate
Butyl Acetate
Butyl Acetate
Butyl Acetate
Butyl Acetate
Butyl Acetate
Butyl Acetate
Butyl Acetate
Butyl Acetate
Butyl Acetate
Butyl Acetate
Butyl Acetate
Butyl Acetate
Butyl Acetate
Butyl Acetate
Butyl Acetate
Butyl Acetate
Butyl Acetate
Butyl Acetate
Butyl Acetate
Butyl Acetate
Butyl Acetate
Butyl Acetate
Butyl Acetate
Butyl Acetate
Butyl Acetate
Butyl Acetate
Butyl Acetate
Butyl Acetate
Butyl Acetate
Butyl Acetate
Butyl Acetate
Butyl Acetate
Butyl Acetate
Butyl Acetate
Butyl Acetate
Butyl Acetate
Butyl Acetate
Butyl Acetate
Butyl Acetate
Butyl Acetate
Butyl Acetate
Butyl Acetate
Butyl Acetate
Butyl Acetate
Butyl Acetate
Butyl Acetate
Butyl Acetate
Butyl Acetate
Butyl Acetate
Butyl Acetate
Butyl Acetate
Butyl Acetate
Butyl Acetate
Butyl Acetate
Butyl Acetate
Butyl Acetate
Butyl Acetate
Butyl Acetate
Butyl Acetate
Butyl Acetate
Butyl Acetate
Butyl Acetate
Butyl Acetate
Butyl Acetate
Butyl Acetate
Butyl Acetate
Butyl Acetate
Butyl Acetate
Butyl Acetate
Butyl Acetate
Butyl Acetate
Butyl Acetate
Butyl Acetate
Butyl Acetate
Butyl Acetate
Butyl Acetate
Butyl Acetate
Butyl Acetate
Butyl Acetate
Butyl Acetate
Butyl Acetate
Butyl Acetate
Butyl Acetate
Butyl Acetate
Butyl Acetate
Butyl Acetate
Butyl Acetate
Butyl Acetate
Butyl Acetate
Butyl Acetate
Butyl Acetate
Butyl Acetate
Butyl Acetate
Butyl Acetate
Butyl Acetate
Butyl Acetate
Butyl Acetate
Chloroform
Chloroform
Chloroform
Chloroform
Chloroform
Chloroform
Chloroform
Chloroform
Chloroform
Chloroform
Chloroform
Chloroform
Chloroform
Chloroform
Chloroform
Chloroform
Chloroform
Chloroform
Chloroform
Chloroform
Chloroform
Chloroform
Chloroform
Chloroform
Chloroform
Chloroform
Chloroform
Chloroform
Chloroform
Chloroform
Chloroform
Chloroform
Chloroform
Chloroform
Chloroform
Chloroform
Chloroform
Chloroform
Chloroform
Chloroform
Chloroform
Chloroform
Chloroform
Chloroform
Chloroform
Chloroform
Chloroform
Chloroform
Chloroform
Chloroform
Chloroform
Chloroform
Chloroform
Chloroform
Chloroform
Chloroform
Chloroform
Chloroform
Chloroform
Chloroform
Chloroform
Chloroform
Chloroform
Chloroform
Chloroform
Chloroform
Chloroform
Chloroform
Chloroform
Chloroform
Chloroform
Chloroform
Chloroform
Chloroform
Chloroform
Chloroform
Chloroform
Chloroform
Chloroform
Chloroform
Chloroform
Chloroform
Chloroform
Chloroform
Chloroform
Chloroform
Chloroform
Chloroform
Chloroform
Chloroform
Chloroform
Chloroform
Chloroform
Chloroform
Chloroform
Chloroform
Chloroform
Chloroform
Chloroform
Chloroform
Chloroform
Chloroform
Chloroform
Chloroform
Chloroform
Chloroform
Chloroform
Chloroform
Chloroform
Chloroform
Chloroform
Chloroform
Chloroform
Chloroform
Chloroform
Chloroform
Chloroform
Chloroform
Chloroform
Chloroform
Chloroform
Chloroform
Cyclohexane
Cyclohexane
Cyclohexane
Cyclohexane
Cyclohexane
Cyclohexane
Cyclohexane
Cyclohexane
Cyclohexane
Cyclohexane
Cyclohexane
Cyclohexane
Cyclohexane
Cyclohexane
Cyclohexane
Cyclohexane
Cyclohexane
Cyclohexane
Cyclohexane
Cyclohexane
Cyclohexane
Cyclohexane
Cyclohexane
Cyclohexane
Cyclohexane
Cyclohexane
Cyclohexane
Cyclohexane
Cyclohexane
Cyclohexane
Cyclohexane
Cyclohexane
Cyclohexane
Cyclohexane
Cyclohexane
Cyclohexane
Cyclohexane
Cyclohexane
Cyclohexane
Cyclohexane
Cyclohexane
Cyclohexane
Cyclohexane
Cyclohexane
Cyclohexane
Cyclohexane
Cyclohexane
Cyclohexane
Cyclohexane
Cyclohexane
Cyclohexane
Cyclohexane
Cyclohexane
Cyclohexane
Cyclohexane
Cyclohexane
Cyclohexane
Cyclohexane
Cyclohexane
Cyclohexane
Cyclohexane
Cyclohexane
Cyclohexane
Cyclohexane
Cyclohexane
Cyclohexane
Cyclohexane
Cyclohexane
Cyclohexane
Cyclohexane
Cyclohexane
Cyclohexane
Cyclohexane
Cyclohexane
Cyclohexane
Cyclohexane
Cyclohexane
Cyclohexane
Cyclohexane
Cyclohexane
Cyclohexane
Cyclohexane
Cyclohexane
Cyclohexane
Cyclohexane
Cyclohexane
Cyclohexane
Cyclohexane
Cyclohexane
Cyclohexane
Cyclohexane
Cyclohexane
Cyclohexane
Cyclohexane
Cyclohexane
Cyclohexane
Cyclohexane
Cyclohexane
Cyclohexane
Cyclohexane
Cyclohexane
Cyclohexane
Cyclohexane
Cyclohexane
Cyclohexane
Cyclohexane
Cyclohexane
Cyclohexane
Cyclohexane
Cyclohexane
Cyclohexane
Cyclohexane
Cyclohexane
Cyclohexane
Cyclohexane
Cyclohexane
Cyclohexane
Cyclohexane
Cyclohexane
Cyclohexane
Cyclohexane
Cyclohexane
Cyclohexane
Cyclohexane
Cyclohexane
Cyclohexane
Cyclohexane
Cyclohexane
Cyclohexane
Cyclohexane
Cyclohexane
Cyclohexane
Cyclohexane
Cyclohexane
Cyclohexane
Cyclohexane
Cyclohexane
Cyclohexane
Cyclohexane
Cyclohexane
Cyclohexane
Cyclohexane
Cyclohexane
Cyclohexane
Cyclohexane
Dichloromethane
Dichloromethane
Dichloromethane
Dichloromethane
Dichloromethane
Dichloromethane
Dichloromethane
Dichloromethane
Dichloromethane
Dichloromethane
Dichloromethane
Dichloromethane
Dichloromethane
Dichloromethane
Dichloromethane
Dichloromethane
Dichloromethane
Dichloromethane
Dichloromethane
Dichloromethane
Dichloromethane
Dichloromethane
Dichloromethane
Dichloromethane
Dichloromethane
Dichloromethane
Dichloromethane
Dichloromethane
Dichloromethane
Dichloromethane
Dichloromethane
Dichloromethane
Dichloromethane
Dichloromethane
Dichloromethane
Dichloromethane
Dichloromethane
Dichloromethane
Dichloromethane
Dichloromethane
Dichloromethane
Dichloromethane
Dichloromethane
Dichloromethane
Dichloromethane
Dichloromethane
Dichloromethane
Dichloromethane
Dichloromethane
Dichloromethane
Dichloromethane
Dichloromethane
Dichloromethane
Dichloromethane
Dichloromethane
Dichloromethane
Dichloromethane
Dichloromethane
Dichloromethane
Dichloromethane
Dichloromethane
Dichloromethane
Dichloromethane
Dichloromethane
Dichloromethane
Dichloromethane
Dichloromethane
Dichloromethane
Dichloromethane
Dichloromethane
Dichloromethane
Dichloromethane
Dichloromethane
Dichloromethane
Dichloromethane
Dichloromethane
Dichloromethane
Dichloromethane
Dichloromethane
Dichloromethane
Dichloromethane
Dichloromethane
Dichloromethane
Dichloromethane
Dichloromethane
Dichloromethane
Dichloromethane
Dichloromethane
Dichloromethane
Dichloromethane
Dichloromethane
Dichloromethane
Dichloromethane
Dichloromethane
Dichloromethane
Dichloromethane
Dichloromethane
Dichloromethane
Dichloromethane
Dichloromethane
Dichloromethane
Dichloromethane
Dichloromethane
Dichloromethane
Dichloromethane
Dichloromethane
Dichloromethane
Dichloromethane
Dichloromethane
Dichloromethane
Dichloromethane
Diethyl Malonate
Diethyl Malonate
Diethyl Malonate
Diethyl Malonate
Diethyl Malonate
Diethyl Malonate
Diethyl Malonate
Diethyl Malonate
Diethyl Malonate
Diethyl Malonate
Diethyl Malonate
Diethyl Malonate
Diethyl Malonate
Diethyl Malonate
Diethyl Malonate
Diethyl Malonate
Diethyl Malonate
Diethyl Malonate
Diethyl Malonate
Diethyl Malonate
Diethyl Malonate
Diethyl Malonate
Diethyl Malonate
Diethyl Malonate
Diethyl Malonate
Diethyl Malonate
Diethyl Malonate
Diethyl Malonate
Diethyl Malonate
Diethyl Malonate
Diethyl Malonate
Diethyl Malonate
Diethyl Malonate
Diethyl Malonate
Diethyl Malonate
Diethyl Malonate
Diethyl Malonate
Diethyl Malonate
Diethyl Malonate
Diethyl Malonate
Diethyl Malonate
Diethyl Malonate
Diethyl Malonate
Diethyl Malonate
Diethyl Malonate
Diethyl Malonate
Diethyl Malonate
Diethyl Malonate
Diethyl Malonate
Diethyl Malonate
Diethyl Malonate
Diethyl Malonate
Diethyl Malonate
Diethyl Malonate
Diethyl Malonate
Diethyl Malonate
Diethyl Malonate
Diethyl Malonate
Diethyl Malonate
Diethyl Malonate
Diethyl Malonate
Diethyl Malonate
Diethyl Malonate
Diethyl Malonate
Diethyl Malonate
Diethyl Malonate
Diethyl Malonate
Diethyl Malonate
Diethyl Malonate
Diethyl Malonate
Diethyl Malonate
Diethyl Malonate
Diethyl Malonate
Diethyl Malonate
Diethyl Malonate
Diethyl Malonate
Diethyl Malonate
Diethyl Malonate
Diethyl Malonate
Diethyl Malonate
Diethyl Malonate
Diethyl Malonate
Diethyl Malonate
Diethyl Malonate
Diethyl Malonate
Diethyl Malonate
Diethyl Malonate
Diethyl Malonate
Diethyl Malonate
Diethyl Malonate
Diethyl Malonate
Diethyl Malonate
Diethyl Malonate
Diethyl Malonate
Diethyl Malonate
Diethyl Malonate
Diethyl Malonate
Diethyl Malonate
Diethyl Malonate
Diethyl Malonate
Diethylamine
Diethylamine
Diethylamine
Diethylamine
Diethylamine
Diethylamine
Diethylamine
Diethylamine
Diethylamine
Diethylamine
Diethylamine
Diethylamine
Diethylamine
Diethylamine
Diethylamine
Diethylamine
Diethylamine
Diethylamine
Diethylamine
Diethylamine
Diethylamine
Diethylamine
Diethylamine
Diethylamine
Diethylamine
Diethylamine
Diethylamine
Diethylamine
Diethylamine
Diethylamine
Diethylamine
Diethylamine
Diethylamine
Diethylamine
Diethylamine
Diethylamine
Diethylamine
Diethylamine
Diethylamine
Diethylamine
Diethylamine
Diethylamine
Diethylamine
Diethylamine
Diethylamine
Diethylamine
Diethylamine
Diethylamine
Diethylamine
Diethylamine
Diethylamine
Diethylamine
Diethylamine
Diethylamine
Diethylamine
Diethylamine
Diethylamine
Diethylamine
Diethylamine
Diethylamine
Diethylamine
Diethylamine
Diethylamine
Diethylamine
Diethylamine
Diethylamine
Diethylamine
Diethylamine
Diethylamine
Diethylamine
Diethylamine
Diethylamine
Diethylamine
Diethylamine
Diethylamine
Diethylamine
Diethylamine
Diethylamine
Diethylamine
Diethylamine
Diethylamine
Diethylamine
Diethylamine
Diethylamine
Diethylamine
Diethylamine
Diethylamine
Diethylamine
Diethylamine
Diethylamine
Diethylamine
Diethylamine
Diethylamine
Diethylamine
Diethylamine
Diethylamine
Diethylamine
Diethylamine
Diethylamine
Diethylamine
Diethylamine
Diethylamine
Diethylamine
Diethylamine
Diethylamine
Diethylamine
Diethylamine
Diethylene Glycol
Diethylene Glycol
Diethylene Glycol
Diethylene Glycol
Diethylene Glycol
Diethylene Glycol
Diethylene Glycol
Diethylene Glycol
Diethylene Glycol
Diethylene Glycol
Diethylene Glycol
Diethylene Glycol
Diethylene Glycol
Diethylene Glycol
Diethylene Glycol
Diethylene Glycol
Diethylene Glycol
Diethylene Glycol
Diethylene Glycol
Diethylene Glycol
Diethylene Glycol
Diethylene Glycol
Diethylene Glycol
Diethylene Glycol
Diethylene Glycol
Diethylene Glycol
Diethylene Glycol
Diethylene Glycol
Diethylene Glycol
Diethylene Glycol
Diethylene Glycol
Diethylene Glycol
Diethylene Glycol
Diethylene Glycol
Diethylene Glycol
Diethylene Glycol
Diethylene Glycol
Diethylene Glycol
Diethylene Glycol
Diethylene Glycol
Diethylene Glycol
Diethylene Glycol
Diethylene Glycol
Diethylene Glycol
Diethylene Glycol
Diethylene Glycol
Diethylene Glycol
Diethylene Glycol
Diethylene Glycol
Diethylene Glycol
Diethylene Glycol
Diethylene Glycol
Diethylene Glycol
Diethylene Glycol
Diethylene Glycol
Diethylene Glycol
Diethylene Glycol
Diethylene Glycol
Diethylene Glycol
Diethylene Glycol
Diethylene Glycol
Diethylene Glycol
Diethylene Glycol
Diethylene Glycol
Diethylene Glycol
Diethylene Glycol
Diethylene Glycol
Diethylene Glycol
Diethylene Glycol
Diethylene Glycol
Diethylene Glycol
Diethylene Glycol
Diethylene Glycol
Diethylene Glycol
Diethylene Glycol
Diethylene Glycol
Diethylene Glycol
Diethylene Glycol
Diethylene Glycol
Diethylene Glycol
Diethylene Glycol
Diethylene Glycol
Diethylene Glycol
Diethylene Glycol
Diethylene Glycol
Diethylene Glycol
Diethylene Glycol
Diethylene Glycol
Diethylene Glycol
Diethylene Glycol
Diethylene Glycol
Diethylene Glycol
Diethylene Glycol
Diethylene Glycol
Diethylene Glycol
Diethylene Glycol
Diethylene Glycol
Diethylene Glycol
Diethylene Glycol
Diethylene Glycol
Diethylene Glycol
Diethylene Glycol
Diethylene Glycol
Diethylene Glycol
Diethylene Glycol
Dimethyl Sulfoxide
Dimethyl Sulfoxide
Dimethyl Sulfoxide
Dimethyl Sulfoxide
Dimethyl Sulfoxide
Dimethyl Sulfoxide
Dimethyl Sulfoxide
Dimethyl Sulfoxide
Dimethyl Sulfoxide
Dimethyl Sulfoxide
Dimethyl Sulfoxide
Dimethyl Sulfoxide
Dimethyl Sulfoxide
Dimethyl Sulfoxide
Dimethyl Sulfoxide
Dimethyl Sulfoxide
Dimethyl Sulfoxide
Dimethyl Sulfoxide
Dimethyl Sulfoxide
Dimethyl Sulfoxide
Dimethyl Sulfoxide
Dimethyl Sulfoxide
Dimethyl Sulfoxide
Dimethyl Sulfoxide
Dimethyl Sulfoxide
Dimethyl Sulfoxide
Dimethyl Sulfoxide
Dimethyl Sulfoxide
Dimethyl Sulfoxide
Dimethyl Sulfoxide
Dimethyl Sulfoxide
Dimethyl Sulfoxide
Dimethyl Sulfoxide
Dimethyl Sulfoxide
Dimethyl Sulfoxide
Dimethyl Sulfoxide
Dimethyl Sulfoxide
Dimethyl Sulfoxide
Dimethyl Sulfoxide
Dimethyl Sulfoxide
Dimethyl Sulfoxide
Dimethyl Sulfoxide
Dimethyl Sulfoxide
Dimethyl Sulfoxide
Dimethyl Sulfoxide
Dimethyl Sulfoxide
Dimethyl Sulfoxide
Dimethyl Sulfoxide
Dimethyl Sulfoxide
Dimethyl Sulfoxide
Dimethyl Sulfoxide
Dimethyl Sulfoxide
Dimethyl Sulfoxide
Dimethyl Sulfoxide
Dimethyl Sulfoxide
Dimethyl Sulfoxide
Dimethyl Sulfoxide
Dimethyl Sulfoxide
Dimethyl Sulfoxide
Dimethyl Sulfoxide
Dimethyl Sulfoxide
Dimethyl Sulfoxide
Dimethyl Sulfoxide
Dimethyl Sulfoxide
Dimethyl Sulfoxide
Dimethyl Sulfoxide
Dimethyl Sulfoxide
Dimethyl Sulfoxide
Dimethyl Sulfoxide
Dimethyl Sulfoxide
Dimethyl Sulfoxide
Dimethyl Sulfoxide
Dimethyl Sulfoxide
Dimethyl Sulfoxide
Dimethyl Sulfoxide
Dimethyl Sulfoxide
Dimethyl Sulfoxide
Dimethyl Sulfoxide
Dimethyl Sulfoxide
Dimethyl Sulfoxide
Dimethyl Sulfoxide
Dimethyl Sulfoxide
Dimethyl Sulfoxide
Dimethyl Sulfoxide
Dimethyl Sulfoxide
Dimethyl Sulfoxide
Dimethyl Sulfoxide
Dimethyl Sulfoxide
Dimethyl Sulfoxide
Dimethyl Sulfoxide
Dimethyl Sulfoxide
Dimethyl Sulfoxide
Dimethyl Sulfoxide
Dimethyl Sulfoxide
Dimethyl Sulfoxide
Dimethyl Sulfoxide
Dimethyl Sulfoxide
Dimethyl Sulfoxide
Dimethyl Sulfoxide
Dimethyl Sulfoxide
Dimethyl Sulfoxide
Dimethyl Sulfoxide
Dimethyl Sulfoxide
Dimethyl Sulfoxide
Dimethyl Sulfoxide
Ethanol
Ethanol
Ethanol
Ethanol
Ethanol
Ethanol
Ethanol
Ethanol
Ethanol
Ethanol
Ethanol
Ethanol
Ethanol
Ethanol
Ethanol
Ethanol
Ethanol
Ethanol
Ethanol
Ethanol
Ethanol
Ethanol
Ethanol
Ethanol
Ethanol
Ethanol
Ethanol
Ethanol
Ethanol
Ethanol
Ethanol
Ethanol
Ethanol
Ethanol
Ethanol
Ethanol
Ethanol
Ethanol
Ethanol
Ethanol
Ethanol
Ethanol
Ethanol
Ethanol
Ethanol
Ethanol
Ethanol
Ethanol
Ethanol
Ethanol
Ethanol
Ethanol
Ethanol
Ethanol
Ethanol
Ethanol
Ethanol
Ethanol
Ethanol
Ethanol
Ethanol
Ethanol
Ethanol
Ethanol
Ethanol
Ethanol
Ethanol
Ethanol
Ethanol
Ethanol
Ethanol
Ethanol
Ethanol
Ethanol
Ethanol
Ethanol
Ethanol
Ethanol
Ethanol
Ethanol
Ethanol
Ethanol
Ethanol
Ethanol
Ethanol
Ethanol
Ethanol
Ethanol
Ethanol
Ethanol
Ethanol
Ethanol
Ethanol
Ethanol
Ethanol
Ethanol
Ethanol
Ethanol
Ethanol
Ethanol
Ethanol
Ethanol
Ethanol
Ethanol
Ethanol
Ethanol
Ethanol
Ethanol
Ethanol
Ethyl Acetate
Ethyl Acetate
Ethyl Acetate
Ethyl Acetate
Ethyl Acetate
Ethyl Acetate
Ethyl Acetate
Ethyl Acetate
Ethyl Acetate
Ethyl Acetate
Ethyl Acetate
Ethyl Acetate
Ethyl Acetate
Ethyl Acetate
Ethyl Acetate
Ethyl Acetate
Ethyl Acetate
Ethyl Acetate
Ethyl Acetate
Ethyl Acetate
Ethyl Acetate
Ethyl Acetate
Ethyl Acetate
Ethyl Acetate
Ethyl Acetate
Ethyl Acetate
Ethyl Acetate
Ethyl Acetate
Ethyl Acetate
Ethyl Acetate
Ethyl Acetate
Ethyl Acetate
Ethyl Acetate
Ethyl Acetate
Ethyl Acetate
Ethyl Acetate
Ethyl Acetate
Ethyl Acetate
Ethyl Acetate
Ethyl Acetate
Ethyl Acetate
Ethyl Acetate
Ethyl Acetate
Ethyl Acetate
Ethyl Acetate
Ethyl Acetate
Ethyl Acetate
Ethyl Acetate
Ethyl Acetate
Ethyl Acetate
Ethyl Acetate
Ethyl Acetate
Ethyl Acetate
Ethyl Acetate
Ethyl Acetate
Ethyl Acetate
Ethyl Acetate
Ethyl Acetate
Ethyl Acetate
Ethyl Acetate
Ethyl Acetate
Ethyl Acetate
Ethyl Acetate
Ethyl Acetate
Ethyl Acetate
Ethyl Acetate
Ethyl Acetate
Ethyl Acetate
Ethyl Acetate
Ethyl Acetate
Ethyl Acetate
Ethyl Acetate
Ethyl Acetate
Ethyl Acetate
Ethyl Acetate
Ethyl Acetate
Ethyl Acetate
Ethyl Acetate
Ethyl Acetate
Ethyl Acetate
Ethyl Acetate
Ethyl Acetate
Ethyl Acetate
Ethyl Acetate
Ethyl Acetate
Ethyl Acetate
Ethyl Acetate
Ethyl Acetate
Ethyl Acetate
Ethyl Acetate
Ethyl Acetate
Ethyl Acetate
Ethyl Acetate
Ethyl Acetate
Ethyl Acetate
Ethyl Acetate
Ethyl Acetate
Ethyl Acetate
Ethyl Acetate
Ethyl Acetate
Ethyl Acetate
Ethyl Acetate
Ethyl Acetate
Ethyl Acetate
Ethyl Acetate
Ethyl Acetate
Ethyl Acetate
Ethyl Acetate
Ethyl Acetate
Ethyl Acetate
Ethylene Glycol
Ethylene Glycol
Ethylene Glycol
Ethylene Glycol
Ethylene Glycol
Ethylene Glycol
Ethylene Glycol
Ethylene Glycol
Ethylene Glycol
Ethylene Glycol
Ethylene Glycol
Ethylene Glycol
Ethylene Glycol
Ethylene Glycol
Ethylene Glycol
Ethylene Glycol
Ethylene Glycol
Ethylene Glycol
Ethylene Glycol
Ethylene Glycol
Ethylene Glycol
Ethylene Glycol
Ethylene Glycol
Ethylene Glycol
Ethylene Glycol
Ethylene Glycol
Ethylene Glycol
Ethylene Glycol
Ethylene Glycol
Ethylene Glycol
Ethylene Glycol
Ethylene Glycol
Ethylene Glycol
Ethylene Glycol
Ethylene Glycol
Ethylene Glycol
Ethylene Glycol
Ethylene Glycol
Ethylene Glycol
Ethylene Glycol
Ethylene Glycol
Ethylene Glycol
Ethylene Glycol
Ethylene Glycol
Ethylene Glycol
Ethylene Glycol
Ethylene Glycol
Ethylene Glycol
Ethylene Glycol
Ethylene Glycol
Ethylene Glycol
Ethylene Glycol
Ethylene Glycol
Ethylene Glycol
Ethylene Glycol
Ethylene Glycol
Ethylene Glycol
Ethylene Glycol
Ethylene Glycol
Ethylene Glycol
Ethylene Glycol
Ethylene Glycol
Ethylene Glycol
Ethylene Glycol
Ethylene Glycol
Ethylene Glycol
Ethylene Glycol
Ethylene Glycol
Ethylene Glycol
Ethylene Glycol
Ethylene Glycol
Ethylene Glycol
Ethylene Glycol
Ethylene Glycol
Ethylene Glycol
Ethylene Glycol
Ethylene Glycol
Ethylene Glycol
Ethylene Glycol
Ethylene Glycol
Ethylene Glycol
Ethylene Glycol
Ethylene Glycol
Ethylene Glycol
Ethylene Glycol
Ethylene Glycol
Ethylene Glycol
Ethylene Glycol
Ethylene Glycol
Ethylene Glycol
Ethylene Glycol
Ethylene Glycol
Ethylene Glycol
Ethylene Glycol
Ethylene Glycol
Ethylene Glycol
Ethylene Glycol
Ethylene Glycol
Ethylene Glycol
Ethylene Glycol
Ethylene Glycol
Formic acid
Formic acid
Formic acid
Formic acid
Formic acid
Formic acid
Formic acid
Formic acid
Formic acid
Formic acid
Formic acid
Formic acid
Formic acid
Formic acid
Formic acid
Formic acid
Formic acid
Formic acid
Formic acid
Formic acid
Formic acid
Formic acid
Formic acid
Formic acid
Formic acid
Formic acid
Formic acid
Formic acid
Formic acid
Formic acid
Formic acid
Formic acid
Formic acid
Formic acid
Formic acid
Formic acid
Formic acid
Formic acid
Formic acid
Formic acid
Formic acid
Formic acid
Formic acid
Formic acid
Formic acid
Formic acid
Formic acid
Formic acid
Formic acid
Formic acid
Formic acid
Formic acid
Formic acid
Formic acid
Formic acid
Formic acid
Formic acid
Formic acid
Formic acid
Formic acid
Formic acid
Formic acid
Formic acid
Formic acid
Formic acid
Formic acid
Formic acid
Formic acid
Formic acid
Formic acid
Formic acid
Formic acid
Formic acid
Formic acid
Formic acid
Formic acid
Formic acid
Formic acid
Formic acid
Formic acid
Formic acid
Formic acid
Formic acid
Formic acid
Formic acid
Formic acid
Formic acid
Formic acid
Formic acid
Formic acid
Formic acid
Formic acid
Formic acid
Formic acid
Formic acid
Formic acid
Formic acid
Formic acid
Formic acid
Formic acid
Formic acid
Formic acid
Formic acid
Formic acid
Formic acid
Formic acid
Formic acid
Formic acid
Formic acid
Formic acid
Isobutylamine
Isobutylamine
Isobutylamine
Isobutylamine
Isobutylamine
Isobutylamine
Isobutylamine
Isobutylamine
Isobutylamine
Isobutylamine
Isobutylamine
Isobutylamine
Isobutylamine
Isobutylamine
Isobutylamine
Isobutylamine
Isobutylamine
Isobutylamine
Isobutylamine
Isobutylamine
Isobutylamine
Isobutylamine
Isobutylamine
Isobutylamine
Isobutylamine
Isobutylamine
Isobutylamine
Isobutylamine
Isobutylamine
Isobutylamine
Isobutylamine
Isobutylamine
Isobutylamine
Isobutylamine
Isobutylamine
Isobutylamine
Isobutylamine
Isobutylamine
Isobutylamine
Isobutylamine
Isobutylamine
Isobutylamine
Isobutylamine
Isobutylamine
Isobutylamine
Isobutylamine
Isobutylamine
Isobutylamine
Isobutylamine
Isobutylamine
Isobutylamine
Isobutylamine
Isobutylamine
Isobutylamine
Isobutylamine
Isobutylamine
Isobutylamine
Isobutylamine
Isobutylamine
Isobutylamine
Isobutylamine
Isobutylamine
Isobutylamine
Isobutylamine
Isobutylamine
Isobutylamine
Isobutylamine
Isobutylamine
Isobutylamine
Isobutylamine
Isobutylamine
Isobutylamine
Isobutylamine
Isobutylamine
Isobutylamine
Isobutylamine
Isobutylamine
Isobutylamine
Isobutylamine
Isobutylamine
Isobutylamine
Isobutylamine
Isobutylamine
Isobutylamine
Isobutylamine
Isobutylamine
Isobutylamine
Isobutylamine
Isobutylamine
Isobutylamine
Isobutylamine
Isobutylamine
Isobutylamine
Isobutylamine
Isobutylamine
Isobutylamine
Isobutylamine
Isobutylamine
Isobutylamine
Isobutylamine
Isobutylamine
Isobutylamine
Isobutylamine
Isobutylamine
Methanol
Methanol
Methanol
Methanol
Methanol
Methanol
Methanol
Methanol
Methanol
Methanol
Methanol
Methanol
Methanol
Methanol
Methanol
Methanol
Methanol
Methanol
Methanol
Methanol
Methanol
Methanol
Methanol
Methanol
Methanol
Methanol
Methanol
Methanol
Methanol
Methanol
Methanol
Methanol
Methanol
Methanol
Methanol
Methanol
Methanol
Methanol
Methanol
Methanol
Methanol
Methanol
Methanol
Methanol
Methanol
Methanol
Methanol
Methanol
Methanol
Methanol
Methanol
Methanol
Methanol
Methanol
Methanol
Methanol
Methanol
Methanol
Methanol
Methanol
Methanol
Methanol
Methanol
Methanol
Methanol
Methanol
Methanol
Methanol
Methanol
Methanol
Methanol
Methanol
Methanol
Methanol
Methanol
Methanol
Methanol
Methanol
Methanol
Methanol
Methanol
Methanol
Methanol
Methanol
Methanol
Methanol
Methanol
Methanol
Methanol
Methanol
Methanol
Methanol
Methanol
Methanol
Methanol
Methanol
Methanol
Methanol
Methanol
Methanol
Methanol
Methyl Isobutyl Ketone
Methyl Isobutyl Ketone
Methyl Isobutyl Ketone
Methyl Isobutyl Ketone
Methyl Isobutyl Ketone
Methyl Isobutyl Ketone
Methyl Isobutyl Ketone
Methyl Isobutyl Ketone
Methyl Isobutyl Ketone
Methyl Isobutyl Ketone
Methyl Isobutyl Ketone
Methyl Isobutyl Ketone
Methyl Isobutyl Ketone
Methyl Isobutyl Ketone
Methyl Isobutyl Ketone
Methyl Isobutyl Ketone
Methyl Isobutyl Ketone
Methyl Isobutyl Ketone
Methyl Isobutyl Ketone
Methyl Isobutyl Ketone
Methyl Isobutyl Ketone
Methyl Isobutyl Ketone
Methyl Isobutyl Ketone
Methyl Isobutyl Ketone
Methyl Isobutyl Ketone
Methyl Isobutyl Ketone
Methyl Isobutyl Ketone
Methyl Isobutyl Ketone
Methyl Isobutyl Ketone
Methyl Isobutyl Ketone
Methyl Isobutyl Ketone
Methyl Isobutyl Ketone
Methyl Isobutyl Ketone
Methyl Isobutyl Ketone
Methyl Isobutyl Ketone
Methyl Isobutyl Ketone
Methyl Isobutyl Ketone
Methyl Isobutyl Ketone
Methyl Isobutyl Ketone
Methyl Isobutyl Ketone
Methyl Isobutyl Ketone
Methyl Isobutyl Ketone
Methyl Isobutyl Ketone
Methyl Isobutyl Ketone
Methyl Isobutyl Ketone
Methyl Isobutyl Ketone
Methyl Isobutyl Ketone
Methyl Isobutyl Ketone
Methyl Isobutyl Ketone
Methyl Isobutyl Ketone
Methyl Isobutyl Ketone
Methyl Isobutyl Ketone
Methyl Isobutyl Ketone
Methyl Isobutyl Ketone
Methyl Isobutyl Ketone
Methyl Isobutyl Ketone
Methyl Isobutyl Ketone
Methyl Isobutyl Ketone
Methyl Isobutyl Ketone
Methyl Isobutyl Ketone
Methyl Isobutyl Ketone
Methyl Isobutyl Ketone
Methyl Isobutyl Ketone
Methyl Isobutyl Ketone
Methyl Isobutyl Ketone
Methyl Isobutyl Ketone
Methyl Isobutyl Ketone
Methyl Isobutyl Ketone
Methyl Isobutyl Ketone
Methyl Isobutyl Ketone
Methyl Isobutyl Ketone
Methyl Isobutyl Ketone
Methyl Isobutyl Ketone
Methyl Isobutyl Ketone
Methyl Isobutyl Ketone
Methyl Isobutyl Ketone
Methyl Isobutyl Ketone
Methyl Isobutyl Ketone
Methyl Isobutyl Ketone
Methyl Isobutyl Ketone
Methyl Isobutyl Ketone
Methyl Isobutyl Ketone
Methyl Isobutyl Ketone
Methyl Isobutyl Ketone
Methyl Isobutyl Ketone
Methyl Isobutyl Ketone
Methyl Isobutyl Ketone
Methyl Isobutyl Ketone
Methyl Isobutyl Ketone
Methyl Isobutyl Ketone
Methyl Isobutyl Ketone
Methyl Isobutyl Ketone
Methyl Isobutyl Ketone
Methyl Isobutyl Ketone
Methyl Isobutyl Ketone
Methyl Isobutyl Ketone
Methyl Isobutyl Ketone
Methyl Isobutyl Ketone
Methyl Isobutyl Ketone
Methyl Isobutyl Ketone
Methyl Isobutyl Ketone
Methyl Isobutyl Ketone
Methyl Isobutyl Ketone
Methyl Isobutyl Ketone
Methyl Isobutyl Ketone
"N,N - Dimethylformahide"
"N,N - Dimethylformahide"
"N,N - Dimethylformahide"
"N,N - Dimethylformahide"
"N,N - Dimethylformahide"
"N,N - Dimethylformahide"
"N,N - Dimethylformahide"
"N,N - Dimethylformahide"
"N,N - Dimethylformahide"
"N,N - Dimethylformahide"
"N,N - Dimethylformahide"
"N,N - Dimethylformahide"
"N,N - Dimethylformahide"
"N,N - Dimethylformahide"
"N,N - Dimethylformahide"
"N,N - Dimethylformahide"
"N,N - Dimethylformahide"
"N,N - Dimethylformahide"
"N,N - Dimethylformahide"
"N,N - Dimethylformahide"
"N,N - Dimethylformahide"
"N,N - Dimethylformahide"
"N,N - Dimethylformahide"
"N,N - Dimethylformahide"
"N,N - Dimethylformahide"
"N,N - Dimethylformahide"
"N,N - Dimethylformahide"
"N,N - Dimethylformahide"
"N,N - Dimethylformahide"
"N,N - Dimethylformahide"
"N,N - Dimethylformahide"
"N,N - Dimethylformahide"
"N,N - Dimethylformahide"
"N,N - Dimethylformahide"
"N,N - Dimethylformahide"
"N,N - Dimethylformahide"
"N,N - Dimethylformahide"
"N,N - Dimethylformahide"
"N,N - Dimethylformahide"
"N,N - Dimethylformahide"
"N,N - Dimethylformahide"
"N,N - Dimethylformahide"
"N,N - Dimethylformahide"
"N,N - Dimethylformahide"
"N,N - Dimethylformahide"
"N,N - Dimethylformahide"
"N,N - Dimethylformahide"
"N,N - Dimethylformahide"
"N,N - Dimethylformahide"
"N,N - Dimethylformahide"
"N,N - Dimethylformahide"
"N,N - Dimethylformahide"
"N,N - Dimethylformahide"
"N,N - Dimethylformahide"
"N,N - Dimethylformahide"
"N,N - Dimethylformahide"
"N,N - Dimethylformahide"
"N,N - Dimethylformahide"
"N,N - Dimethylformahide"
"N,N - Dimethylformahide"
"N,N - Dimethylformahide"
"N,N - Dimethylformahide"
"N,N - Dimethylformahide"
"N,N - Dimethylformahide"
"N,N - Dimethylformahide"
"N,N - Dimethylformahide"
"N,N - Dimethylformahide"
"N,N - Dimethylformahide"
"N,N - Dimethylformahide"
"N,N - Dimethylformahide"
"N,N - Dimethylformahide"
"N,N - Dimethylformahide"
"N,N - Dimethylformahide"
"N,N - Dimethylformahide"
"N,N - Dimethylformahide"
"N,N - Dimethylformahide"
"N,N - Dimethylformahide"
"N,N - Dimethylformahide"
"N,N - Dimethylformahide"
"N,N - Dimethylformahide"
"N,N - Dimethylformahide"
"N,N - Dimethylformahide"
"N,N - Dimethylformahide"
"N,N - Dimethylformahide"
"N,N - Dimethylformahide"
"N,N - Dimethylformahide"
"N,N - Dimethylformahide"
"N,N - Dimethylformahide"
"N,N - Dimethylformahide"
"N,N - Dimethylformahide"
"N,N - Dimethylformahide"
"N,N - Dimethylformahide"
"N,N - Dimethylformahide"
"N,N - Dimethylformahide"
"N,N - Dimethylformahide"
"N,N - Dimethylformahide"
"N,N - Dimethylformahide"
"N,N - Dimethylformahide"
"N,N - Dimethylformahide"
"N,N - Dimethylformahide"
"N,N - Dimethylformahide"
"N,N - Dimethylformahide"
"N,N - Dimethylformahide"
"N,N - Dimethylformahide"
"N,N - Dimethylformahide"
n-Heptane
n-Heptane
n-Heptane
n-Heptane
n-Heptane
n-Heptane
n-Heptane
n-Heptane
n-Heptane
n-Heptane
n-Heptane
n-Heptane
n-Heptane
n-Heptane
n-Heptane
n-Heptane
n-Heptane
n-Heptane
n-Heptane
n-Heptane
n-Heptane
n-Heptane
n-Heptane
n-Heptane
n-Heptane
n-Heptane
n-Heptane
n-Heptane
n-Heptane
n-Heptane
n-Heptane
n-Heptane
n-Heptane
n-Heptane
n-Heptane
n-Heptane
n-Heptane
n-Heptane
n-Heptane
n-Heptane
n-Heptane
n-Heptane
n-Heptane
n-Heptane
n-Heptane
n-Heptane
n-Heptane
n-Heptane
n-Heptane
n-Heptane
n-Heptane
n-Heptane
n-Heptane
n-Heptane
n-Heptane
n-Heptane
n-Heptane
n-Heptane
n-Heptane
n-Heptane
n-Heptane
n-Heptane
n-Heptane
n-Heptane
n-Heptane
n-Heptane
n-Heptane
n-Heptane
n-Heptane
n-Heptane
n-Heptane
n-Heptane
n-Heptane
n-Heptane
n-Heptane
n-Heptane
n-Heptane
n-Heptane
n-Heptane
n-Heptane
n-Heptane
n-Heptane
n-Heptane
n-Heptane
n-Heptane
n-Heptane
n-Heptane
n-Heptane
n-Heptane
n-Heptane
n-Heptane
n-Heptane
n-Heptane
n-Heptane
n-Heptane
n-Heptane
n-Heptane
n-Heptane
n-Heptane
n-Heptane
n-Heptane
n-Heptane
n-Heptane
n-Hexane
n-Hexane
n-Hexane
n-Hexane
n-Hexane
n-Hexane
n-Hexane
n-Hexane
n-Hexane
n-Hexane
n-Hexane
n-Hexane
n-Hexane
n-Hexane
n-Hexane
n-Hexane
n-Hexane
n-Hexane
n-Hexane
n-Hexane
n-Hexane
n-Hexane
n-Hexane
n-Hexane
n-Hexane
n-Hexane
n-Hexane
n-Hexane
n-Hexane
n-Hexane
n-Hexane
n-Hexane
n-Hexane
n-Hexane
n-Hexane
n-Hexane
n-Hexane
n-Hexane
n-Hexane
n-Hexane
n-Hexane
n-Hexane
n-Hexane
n-Hexane
n-Hexane
n-Hexane
n-Hexane
n-Hexane
n-Hexane
n-Hexane
n-Hexane
n-Hexane
n-Hexane
n-Hexane
n-Hexane
n-Hexane
n-Hexane
n-Hexane
n-Hexane
n-Hexane
n-Hexane
n-Hexane
n-Hexane
n-Hexane
n-Hexane
n-Hexane
n-Hexane
n-Hexane
n-Hexane
n-Hexane
n-Hexane
n-Hexane
n-Hexane
n-Hexane
n-Hexane
n-Hexane
n-Hexane
n-Hexane
n-Hexane
n-Hexane
n-Hexane
n-Hexane
n-Hexane
n-Hexane
n-Hexane
n-Hexane
n-Hexane
n-Hexane
n-Hexane
n-Hexane
n-Hexane
n-Hexane
n-Hexane
n-Hexane
n-Hexane
n-Hexane
n-Hexane
n-Hexane
n-Hexane
n-Hexane
n-Hexane
n-Hexane
Propyl acetate
Propyl acetate
Propyl acetate
Propyl acetate
Propyl acetate
Propyl acetate
Propyl acetate
Propyl acetate
Propyl acetate
Propyl acetate
Propyl acetate
Propyl acetate
Propyl acetate
Propyl acetate
Propyl acetate
Propyl acetate
Propyl acetate
Propyl acetate
Propyl acetate
Propyl acetate
Propyl acetate
Propyl acetate
Propyl acetate
Propyl acetate
Propyl acetate
Propyl acetate
Propyl acetate
Propyl acetate
Propyl acetate
Propyl acetate
Propyl acetate
Propyl acetate
Propyl acetate
Propyl acetate
Propyl acetate
Propyl acetate
Propyl acetate
Propyl acetate
Propyl acetate
Propyl acetate
Propyl acetate
Propyl acetate
Propyl acetate
Propyl acetate
Propyl acetate
Propyl acetate
Propyl acetate
Propyl acetate
Propyl acetate
Propyl acetate
Propyl acetate
Propyl acetate
Propyl acetate
Propyl acetate
Propyl acetate
Propyl acetate
Propyl acetate
Propyl acetate
Propyl acetate
Propyl acetate
Propyl acetate
Propyl acetate
Propyl acetate
Propyl acetate
Propyl acetate
Propyl acetate
Propyl acetate
Propyl acetate
Propyl acetate
Propyl acetate
Propyl acetate
Propyl acetate
Propyl acetate
Propyl acetate
Propyl acetate
Propyl acetate
Propyl acetate
Propyl acetate
Propyl acetate
Propyl acetate
Propyl acetate
Propyl acetate
Propyl acetate
Propyl acetate
Propyl acetate
Propyl acetate
Propyl acetate
Propyl acetate
Propyl acetate
Propyl acetate
Propyl acetate
Propyl acetate
Propyl acetate
Propyl acetate
Propyl acetate
Propyl acetate
Propyl acetate
Propyl acetate
Propyl acetate
Propyl acetate
Propyl acetate
Propyl acetate
Propyl acetate
Propyl acetate
Propyl acetate
Propyl acetate
Propyl acetate
Tert-butanol
Tert-butanol
Tert-butanol
Tert-butanol
Tert-butanol
Tert-butanol
Tert-butanol
Tert-butanol
Tert-butanol
Tert-butanol
Tert-butanol
Tert-butanol
Tert-butanol
Tert-butanol
Tert-butanol
Tert-butanol
Tert-butanol
Tert-butanol
Tert-butanol
Tert-butanol
Tert-butanol
Tert-butanol
Tert-butanol
Tert-butanol
Tert-butanol
Tert-butanol
Tert-butanol
Tert-butanol
Tert-butanol
Tert-butanol
Tert-butanol
Tert-butanol
Tert-butanol
Tert-butanol
Tert-butanol
Tert-butanol
Tert-butanol
Tert-butanol
Tert-butanol
Tert-butanol
Tert-butanol
Tert-butanol
Tert-butanol
Tert-butanol
Tert-butanol
Tert-butanol
Tert-butanol
Tert-butanol
Tert-butanol
Tert-butanol
Tert-butanol
Tert-butanol
Tert-butanol
Tert-butanol
Tert-butanol
Tert-butanol
Tert-butanol
Tert-butanol
Tert-butanol
Tert-butanol
Tert-butanol
Tert-butanol
Tert-butanol
Tert-butanol
Tert-butanol
Tert-butanol
Tert-butanol
Tert-butanol
Tert-butanol
Tert-butanol
Tert-butanol
Tert-butanol
Tert-butanol
Tert-butanol
Tert-butanol
Tert-butanol
Tert-butanol
Tert-butanol
Tert-butanol
Tert-butanol
Tert-butanol
Tert-butanol
Tert-butanol
Tert-butanol
Tert-butanol
Tert-butanol
Tert-butanol
Tert-butanol
Tert-butanol
Tert-butanol
Tert-butanol
Tert-butanol
Tert-butanol
Tert-butanol
Tert-butanol
Tert-butanol
Tert-butanol
Tert-butanol
Tert-butanol
Tert-butanol
Tert-butanol
Tert-butanol
Tert-butanol
Tert-butanol
Tert-butanol
Tert-butanol
Tert-butanol
Tert-butanol
Tert-butanol
Tert-butanol
Tert-butanol
Tert-butanol
Tert-butanol
Tert-butyl methyl ether
Tert-butyl methyl ether
Tert-butyl methyl ether
Tert-butyl methyl ether
Tert-butyl methyl ether
Tert-butyl methyl ether
Tert-butyl methyl ether
Tert-butyl methyl ether
Tert-butyl methyl ether
Tert-butyl methyl ether
Tert-butyl methyl ether
Tert-butyl methyl ether
Tert-butyl methyl ether
Tert-butyl methyl ether
Tert-butyl methyl ether
Tert-butyl methyl ether
Tert-butyl methyl ether
Tert-butyl methyl ether
Tert-butyl methyl ether
Tert-butyl methyl ether
Tert-butyl methyl ether
Tert-butyl methyl ether
Tert-butyl methyl ether
Tert-butyl methyl ether
Tert-butyl methyl ether
Tert-butyl methyl ether
Tert-butyl methyl ether
Tert-butyl methyl ether
Tert-butyl methyl ether
Tert-butyl methyl ether
Tert-butyl methyl ether
Tert-butyl methyl ether
Tert-butyl methyl ether
Tert-butyl methyl ether
Tert-butyl methyl ether
Tert-butyl methyl ether
Tert-butyl methyl ether
Tert-butyl methyl ether
Tert-butyl methyl ether
Tert-butyl methyl ether
Tert-butyl methyl ether
Tert-butyl methyl ether
Tert-butyl methyl ether
Tert-butyl methyl ether
Tert-butyl methyl ether
Tert-butyl methyl ether
Tert-butyl methyl ether
Tert-butyl methyl ether
Tert-butyl methyl ether
Tert-butyl methyl ether
Tert-butyl methyl ether
Tert-butyl methyl ether
Tert-butyl methyl ether
Tert-butyl methyl ether
Tert-butyl methyl ether
Tert-butyl methyl ether
Tert-butyl methyl ether
Tert-butyl methyl ether
Tert-butyl methyl ether
Tert-butyl methyl ether
Tert-butyl methyl ether
Tert-butyl methyl ether
Tert-butyl methyl ether
Tert-butyl methyl ether
Tert-butyl methyl ether
Tert-butyl methyl ether
Tert-butyl methyl ether
Tert-butyl methyl ether
Tert-butyl methyl ether
Tert-butyl methyl ether
Tert-butyl methyl ether
Tert-butyl methyl ether
Tert-butyl methyl ether
Tert-butyl methyl ether
Tert-butyl methyl ether
Tert-butyl methyl ether
Tert-butyl methyl ether
Tert-butyl methyl ether
Tert-butyl methyl ether
Tert-butyl methyl ether
Tert-butyl methyl ether
Tert-butyl methyl ether
Tert-butyl methyl ether
Tert-butyl methyl ether
Tert-butyl methyl ether
Tert-butyl methyl ether
Tert-butyl methyl ether
Tert-butyl methyl ether
Tert-butyl methyl ether
Tert-butyl methyl ether
Tert-butyl methyl ether
Tert-butyl methyl ether
Tert-butyl methyl ether
Tert-butyl methyl ether
Tert-butyl methyl ether
Tert-butyl methyl ether
Tert-butyl methyl ether
Tert-butyl methyl ether
Tert-butyl methyl ether
Tert-butyl methyl ether
Tert-butyl methyl ether
Tert-butyl methyl ether
Tert-butyl methyl ether
Tert-butyl methyl ether
Tert-butyl methyl ether
Tert-butyl methyl ether
Tert-butyl methyl ether
Tert-butyl methyl ether
Tert-butyl methyl ether
Tert-butyl methyl ether
Tert-butyl methyl ether
Tert-butyl methyl ether
Tert-butyl methyl ether
Tert-butyl methyl ether
Tert-butyl methyl ether
Tert-butyl methyl ether
Tert-butyl methyl ether
Tetrahydrofuran
Tetrahydrofuran
Tetrahydrofuran
Tetrahydrofuran
Tetrahydrofuran
Tetrahydrofuran
Tetrahydrofuran
Tetrahydrofuran
Tetrahydrofuran
Tetrahydrofuran
Tetrahydrofuran
Tetrahydrofuran
Tetrahydrofuran
Tetrahydrofuran
Tetrahydrofuran
Tetrahydrofuran
Tetrahydrofuran
Tetrahydrofuran
Tetrahydrofuran
Tetrahydrofuran
Tetrahydrofuran
Tetrahydrofuran
Tetrahydrofuran
Tetrahydrofuran
Tetrahydrofuran
Tetrahydrofuran
Tetrahydrofuran
Tetrahydrofuran
Tetrahydrofuran
Tetrahydrofuran
Tetrahydrofuran
Tetrahydrofuran
Tetrahydrofuran
Tetrahydrofuran
Tetrahydrofuran
Tetrahydrofuran
Tetrahydrofuran
Tetrahydrofuran
Tetrahydrofuran
Tetrahydrofuran
Tetrahydrofuran
Tetrahydrofuran
Tetrahydrofuran
Tetrahydrofuran
Tetrahydrofuran
Tetrahydrofuran
Tetrahydrofuran
Tetrahydrofuran
Tetrahydrofuran
Tetrahydrofuran
Tetrahydrofuran
Tetrahydrofuran
Tetrahydrofuran
Tetrahydrofuran
Tetrahydrofuran
Tetrahydrofuran
Tetrahydrofuran
Tetrahydrofuran
Tetrahydrofuran
Tetrahydrofuran
Tetrahydrofuran
Tetrahydrofuran
Tetrahydrofuran
Tetrahydrofuran
Tetrahydrofuran
Tetrahydrofuran
Tetrahydrofuran
Tetrahydrofuran
Tetrahydrofuran
Tetrahydrofuran
Tetrahydrofuran
Tetrahydrofuran
Tetrahydrofuran
Tetrahydrofuran
Tetrahydrofuran
Tetrahydrofuran
Tetrahydrofuran
Tetrahydrofuran
Tetrahydrofuran
Tetrahydrofuran
Tetrahydrofuran
Tetrahydrofuran
Tetrahydrofuran
Tetrahydrofuran
Tetrahydrofuran
Tetrahydrofuran
Tetrahydrofuran
Tetrahydrofuran
Tetrahydrofuran
Tetrahydrofuran
Tetrahydrofuran
Tetrahydrofuran
Tetrahydrofuran
Tetrahydrofuran
Tetrahydrofuran
Tetrahydrofuran
Tetrahydrofuran
Tetrahydrofuran
Tetrahydrofuran
Tetrahydrofuran
Toluene
Toluene
Toluene
Toluene
Toluene
Toluene
Toluene
Toluene
Toluene
Toluene
Toluene
Toluene
Toluene
Toluene
Toluene
Toluene
Toluene
Toluene
Toluene
Toluene
Toluene
Toluene
Toluene
Toluene
Toluene
Toluene
Toluene
Toluene
Toluene
Toluene
Toluene
Toluene
Toluene
Toluene
Toluene
Toluene
Toluene
Toluene
Toluene
Toluene
Toluene
Toluene
Toluene
Toluene
Toluene
Toluene
Toluene
Toluene
Toluene
Toluene
Toluene
Toluene
Toluene
Toluene
Toluene
Toluene
Toluene
Toluene
Toluene
Toluene
Toluene
Toluene
Toluene
Toluene
Toluene
Toluene
Toluene
Toluene
Toluene
Toluene
Toluene
Toluene
Toluene
Toluene
Toluene
Toluene
Toluene
Toluene
Toluene
Toluene
Toluene
Toluene
Toluene
Toluene
Toluene
Toluene
Toluene
Toluene
Toluene
Toluene
Toluene
Toluene
Toluene
Toluene
Toluene
Toluene
Toluene
Toluene
Toluene
Toluene
Toluene
Toluene
Toluene
Toluene
Toluene
Toluene
Toluene
Toluene
Toluene
Toluene
Toluene
Toluene
Toluene
Toluene
Toluene
Toluene
Toluene
Toluene
Toluene
Toluene
Toluene
Toluene
Toluene
Toluene
Toluene
Toluene
Toluene
